downloaded,item_id,item_definition,category,8,9,11,12,13,14,15,16
13/02/2024,36,aïe,sounds,0.15,0.25,0.21,0.38,0.41,0.38,0.5,0.6
13/02/2024,37,allo,sounds,0.09,0,0.29,0.5,0.52,0.54,1,0.4
13/02/2024,38,bêe bêe,sounds,0.09,0,0.29,0.19,0.3,0.17,1,0.8
13/02/2024,38,bê,sounds,0.09,0,0.29,0.19,0.3,0.17,1,0.8
13/02/2024,39,cocorico,sounds,0.06,0,0.11,0.19,0.2,0.08,0.5,0
13/02/2024,40,coin-coin,sounds,0.04,0,0.14,0.08,0.22,0.04,0.5,0.6
13/02/2024,40,coin coin,sounds,0.04,0,0.14,0.08,0.22,0.04,0.5,0.6
13/02/2024,41,grrrr,sounds,0.09,0,0.14,0.12,0.2,0.33,0.5,0.2
13/02/2024,41,grr,sounds,0.09,0,0.14,0.12,0.2,0.33,0.5,0.2
13/02/2024,42,meuh,sounds,0.13,0,0.29,0.12,0.35,0.25,1,0.4
13/02/2024,43,miam-miam,sounds,0.11,0,0.36,0.35,0.41,0.33,1,0.2
13/02/2024,43,miam,sounds,0.11,0,0.36,0.35,0.41,0.33,1,0.2
13/02/2024,44,miaou,sounds,0.13,0,0.39,0.23,0.51,0.67,1,0.8
13/02/2024,45,ohoh,sounds,0.06,0,0.21,0.35,0.19,0.33,0.5,0.4
13/02/2024,46,ouaf-ouaf,sounds,0.06,0,0.32,0.19,0.47,0.42,0.5,0.8
13/02/2024,46,ouaf,sounds,0.06,0,0.32,0.19,0.47,0.42,0.5,0.8
13/02/2024,46,wouf,sounds,0.06,0,0.32,0.19,0.47,0.42,0.5,0.8
13/02/2024,47,tchou tchou,sounds,0.02,0,0.11,0.08,0.21,0.08,1,0.4
13/02/2024,48,vroum,sounds,0.21,0,0.21,0.31,0.31,0.12,1,0
13/02/2024,49,ainsi font font,games_routines,0.36,0.25,0.61,0.69,0.56,0.42,0.5,0.6
13/02/2024,50,attends,games_routines,0.17,0,0.39,0.5,0.24,0.04,0.5,0.8
13/02/2024,51,au revoir,games_routines,0.32,0.25,0.75,0.58,0.74,0.75,0.5,1
13/02/2024,52,bain,games_routines,0.3,0,0.54,0.5,0.67,0.71,0.5,0.6
13/02/2024,53,bonjour,games_routines,0.32,0,0.46,0.5,0.57,0.54,1,0.8
13/02/2024,54,bonne nuit,games_routines,0.23,0.75,0.57,0.42,0.59,0.54,0.5,0.8
13/02/2024,55,bravo,games_routines,0.34,0.5,0.86,0.73,0.76,0.75,1,0.8
13/02/2024,56,chut,games_routines,0.19,0.25,0.32,0.27,0.37,0.25,0.5,0.6
13/02/2024,57,coucou,games_routines,0.45,0.75,0.79,0.42,0.58,0.75,1,0.4
13/02/2024,58,déjeuner,games_routines,0,0,0.07,0.08,0.22,0.04,0.5,0.2
13/02/2024,59,dîner,games_routines,0.04,0,0.14,0.27,0.22,0.08,0.5,0
13/02/2024,60,merci,games_routines,0.06,0.25,0.46,0.27,0.44,0.54,0.5,0.2
13/02/2024,61,ne fais pas,games_routines,0.02,0.25,0.36,0.38,0.34,0.25,0.5,0.4
13/02/2024,62,non,games_routines,0.47,0.25,0.79,0.73,0.76,0.79,1,0.4
13/02/2024,63,oui,games_routines,0.3,0.25,0.64,0.46,0.56,0.58,1,0.8
13/02/2024,63,ouais,games_routines,0.3,0.25,0.64,0.46,0.56,0.58,1,0.8
13/02/2024,64,petit déjeuner,games_routines,0,0,0.07,0.08,0.16,0.17,0.5,0.2
13/02/2024,65,s'il te plaît,games_routines,0,0,0.14,0.15,0.19,0.21,0.5,0.2
13/02/2024,66,salut,games_routines,0.04,0,0.07,0.27,0.21,0.17,0.5,0.4
13/02/2024,67,sieste,games_routines,0.11,0.25,0.29,0.27,0.37,0.38,0.5,0
13/02/2024,68,veux,games_routines,0.06,0,0.14,0.19,0.15,0.04,0.5,0.2
13/02/2024,69,abeille,animals,0.13,0,0.07,0.27,0.15,0.04,0.5,0.4
13/02/2024,70,agneau,animals,0.02,0,0,0.08,0.02,0,0.5,0
13/02/2024,71,âne,animals,0.13,0,0.07,0.31,0.12,0,0.5,0
13/02/2024,72,animal,animals,0,0,0.07,0.04,0.05,0.04,0.5,0
13/02/2024,73,bébé chat,animals,0.02,0,0.11,0.08,0.08,0.04,0.5,0
13/02/2024,74,bébé chien,animals,0,0,0.11,0,0.06,0.04,0.5,0.2
13/02/2024,75,biche,animals,0,0,0,0,0,0,0,0
13/02/2024,76,canard,animals,0.04,0,0.18,0.15,0.27,0.12,0.5,0.2
13/02/2024,77,chat,animals,0.17,0,0.46,0.35,0.51,0.62,1,0.4
13/02/2024,78,cheval,animals,0.04,0,0.21,0.23,0.22,0.08,0.5,0.4
13/02/2024,79,chèvre,animals,0,0,0.11,0.12,0.07,0,0.5,0
13/02/2024,80,chien,animals,0.09,0,0.36,0.27,0.48,0.33,0.5,0.6
13/02/2024,81,cochon,animals,0.09,0,0.11,0.12,0.2,0.08,0.5,0.4
13/02/2024,82,dindon,animals,0,0,0,0.04,0,0,0,0
13/02/2024,83,écureuil,animals,0.04,0,0,0.04,0.12,0.04,0.5,0
13/02/2024,84,éléphant,animals,0,0,0.07,0.19,0.21,0.12,0.5,0.2
13/02/2024,84,éléphants,animals,0,0,0.07,0.19,0.21,0.12,0.5,0.2
13/02/2024,85,girafe,animals,0.09,0,0.14,0.15,0.17,0.12,0.5,0.6
13/02/2024,86,grenouille,animals,0.04,0,0.07,0.15,0.15,0.12,0.5,0.2
13/02/2024,87,hibou,animals,0.06,0,0.07,0.19,0.09,0.04,0.5,0
13/02/2024,88,lapin,animals,0.09,0,0.21,0.27,0.19,0.29,0.5,0
13/02/2024,89,lion,animals,0.04,0,0.11,0.27,0.22,0.12,0.5,0.4
13/02/2024,90,mouton,animals,0.19,0,0.14,0.42,0.27,0.08,0.5,0.2
13/02/2024,91,nounours,animals,0.04,0,0.11,0.12,0.13,0,0.5,0.2
13/02/2024,92,oie,animals,0,0,0.04,0,0.05,0,0.5,0.2
13/02/2024,93,oiseau,animals,0.02,0,0.18,0.19,0.29,0.21,0.5,0
13/02/2024,94,ours,animals,0.09,0,0.11,0.08,0.13,0.08,0.5,0.2
13/02/2024,94,ourson,animals,0.09,0,0.11,0.08,0.13,0.08,0.5,0.2
13/02/2024,95,papillon,animals,0.06,0,0.07,0.19,0.14,0.04,0.5,0.2
13/02/2024,96,petite bête,animals,0.04,0,0.11,0.08,0.08,0.08,0.5,0
13/02/2024,96,bête,animals,0.04,0,0.11,0.08,0.08,0.08,0.5,0
13/02/2024,97,pingouin,animals,0.02,0,0,0.04,0.02,0.04,0,0.2
13/02/2024,98,poisson,animals,0.04,0,0.14,0.23,0.27,0.12,0.5,0.2
13/02/2024,99,poney,animals,0,0,0.04,0.08,0.05,0,0,0.4
13/02/2024,100,poule,animals,0.02,0,0.07,0.15,0.22,0.08,0.5,0.2
13/02/2024,101,singe,animals,0,0,0.14,0.08,0.15,0.12,0.5,0.2
13/02/2024,102,souris,animals,0.02,0,0.11,0.12,0.13,0.12,0.5,0.2
13/02/2024,103,tigre,animals,0,0,0.04,0.08,0.09,0.08,0.5,0.2
13/02/2024,104,tortue,animals,0.04,0,0.07,0.23,0.12,0.12,0.5,0.2
13/02/2024,105,vache,animals,0.06,0,0.25,0.23,0.23,0.12,0.5,0.2
13/02/2024,106,baguette,food_drink,0,0,0.04,0.15,0.06,0.04,0.5,0
13/02/2024,107,banane,food_drink,0.02,0,0.25,0.35,0.21,0,0.5,0
13/02/2024,108,beurre,food_drink,0.02,0,0.07,0,0.07,0,0,0.2
13/02/2024,109,boisson,food_drink,0.04,0,0.04,0.08,0.06,0,0.5,0
13/02/2024,110,café,food_drink,0.04,0,0.11,0.04,0.09,0.04,0,0
13/02/2024,111,carotte,food_drink,0.02,0,0.18,0.12,0.12,0.04,0.5,0.4
13/02/2024,112,céréales,food_drink,0,0,0.07,0,0.1,0,0,0.4
13/02/2024,113,clémentine,food_drink,0,0,0.04,0.08,0.05,0.08,0,0.2
13/02/2024,114,cornflakes,food_drink,0.06,0,0,0.15,0.02,0,0,0
13/02/2024,115,eau,food_drink,0.13,0.25,0.36,0.46,0.55,0.46,1,0.6
13/02/2024,116,fromage,food_drink,0.02,0,0.07,0.08,0.2,0.25,0.5,0.4
13/02/2024,117,gâteau,food_drink,0.11,0,0.18,0.5,0.38,0.29,1,0.8
13/02/2024,118,gâteaux apéro,food_drink,0.04,0,0,0.08,0.03,0,0,0
13/02/2024,119,glace,food_drink,0.04,0,0.04,0.08,0.05,0,0,0.2
13/02/2024,120,jus de fruit,food_drink,0.02,0,0,0,0.03,0.04,0.5,0
13/02/2024,121,lait,food_drink,0.15,0.25,0.36,0.38,0.44,0.33,1,0.6
13/02/2024,122,nourriture,food_drink,0,0,0.07,0.04,0.07,0,0,0.2
13/02/2024,123,œuf,food_drink,0,0,0.07,0,0.03,0.04,0.5,0
13/02/2024,124,orange,food_drink,0.06,0,0.07,0.19,0.09,0,0.5,0.4
13/02/2024,125,pain,food_drink,0.06,0,0.46,0.27,0.59,0.5,0.5,0.4
13/02/2024,126,pâtes,food_drink,0.02,0,0.07,0.04,0.1,0.12,0,0.2
13/02/2024,127,petits gâteaux,food_drink,0.04,0,0.04,0.19,0.21,0.21,0.5,0.2
13/02/2024,128,petits pois,food_drink,0,0,0.04,0.04,0.06,0.04,0.5,0
13/02/2024,129,pizza,food_drink,0.04,0,0,0.08,0.05,0,0,0
13/02/2024,130,poisson,food_drink,0.09,0,0.11,0.12,0.16,0.04,0.5,0
13/02/2024,131,pomme,food_drink,0.02,0,0.11,0.08,0.22,0.08,0.5,0.4
13/02/2024,132,poulet,food_drink,0,0,0.07,0.04,0.08,0.04,0.5,0.4
13/02/2024,133,purée,food_drink,0.11,0,0.14,0.12,0.29,0.25,0.5,0.2
13/02/2024,134,raisin,food_drink,0,0,0.07,0,0.03,0,0.5,0.2
13/02/2024,135,soupe,food_drink,0.04,0,0.07,0.12,0.08,0.04,0.5,0.2
13/02/2024,136,spaghetti,food_drink,0,0,0,0,0.01,0,0,0
13/02/2024,137,sucre,food_drink,0,0,0,0,0.02,0,0.5,0
13/02/2024,138,tartine,food_drink,0.02,0,0,0,0.08,0.08,0,0
13/02/2024,139,viande,food_drink,0.06,0,0.11,0.08,0.1,0,0.5,0
13/02/2024,140,balle,toys,0.11,0,0.39,0.35,0.35,0.33,0.5,0.6
13/02/2024,141,ballon,toys,0.04,0,0.29,0.31,0.37,0.25,1,0.6
13/02/2024,142,bulles,toys,0,0,0.14,0.08,0.13,0.04,0.5,0.2
13/02/2024,143,crayon,toys,0,0,0.07,0.15,0.27,0.04,1,0.2
13/02/2024,144,cube,toys,0.04,0.25,0.11,0.15,0.21,0.12,0.5,0.6
13/02/2024,145,livre,toys,0.13,0.25,0.46,0.5,0.49,0.54,0.5,0.2
13/02/2024,146,poupée,toys,0.02,0,0.11,0.08,0.14,0.08,0.5,0.6
13/02/2024,147,aïe bobo,body_parts,0.13,0.25,0.07,0.35,0.24,0.04,0.5,0.4
13/02/2024,148,bouche,body_parts,0.13,0,0.29,0.23,0.36,0.29,0.5,0.4
13/02/2024,149,bras,body_parts,0.04,0,0.14,0.19,0.2,0.17,0.5,0.4
13/02/2024,150,cheveux,body_parts,0.06,0.25,0.25,0.38,0.3,0.29,0,0.8
13/02/2024,151,cœur,body_parts,0,0,0,0.04,0.02,0.04,0.5,0.4
13/02/2024,152,dent,body_parts,0.04,0.25,0.21,0.5,0.36,0.25,0.5,0.4
13/02/2024,153,doigt,body_parts,0.09,0,0.14,0.15,0.17,0.08,0.5,0.4
13/02/2024,154,doigt de pied,body_parts,0.06,0,0.07,0.12,0.07,0,0.5,0.2
13/02/2024,155,figure,body_parts,0.06,0,0.04,0.08,0.17,0.08,0,0.4
13/02/2024,156,genou,body_parts,0,0,0.04,0.08,0.06,0,0.5,0
13/02/2024,157,jambe,body_parts,0.04,0,0.18,0.27,0.19,0.04,0.5,0.2
13/02/2024,158,joue,body_parts,0.02,0,0.04,0.12,0.12,0.08,0.5,0.2
13/02/2024,159,langue,body_parts,0.02,0,0.07,0,0.13,0,0.5,0.4
13/02/2024,160,main,body_parts,0.11,0,0.29,0.35,0.34,0.42,0.5,0.6
13/02/2024,161,nez,body_parts,0.13,0.25,0.29,0.23,0.31,0.42,0.5,0.4
13/02/2024,162,nombril,body_parts,0.02,0,0.11,0.04,0.1,0.04,0.5,0.6
13/02/2024,163,oreille,body_parts,0.04,0.25,0.25,0.19,0.24,0.17,0.5,0.4
13/02/2024,164,pied,body_parts,0.11,0,0.36,0.42,0.42,0.33,0.5,0.8
13/02/2024,165,pouce,body_parts,0.13,0,0.07,0.38,0.17,0.04,0.5,0.4
13/02/2024,166,tête,body_parts,0.13,0,0.21,0.31,0.37,0.17,0.5,0.6
13/02/2024,167,ventre,body_parts,0.06,0,0.21,0.15,0.2,0.21,0.5,0.2
13/02/2024,168,yeux,body_parts,0.09,0,0.14,0.35,0.3,0.17,0.5,0.8
13/02/2024,168,oeil,body_parts,0.09,0,0.14,0.35,0.3,0.17,0.5,0.8
13/02/2024,169,bébé,people,0.21,0.25,0.29,0.23,0.41,0.25,1,0.6
13/02/2024,170,dame,people,0.02,0,0.04,0.19,0.16,0.04,0.5,0.4
13/02/2024,171,enfant,people,0.04,0.25,0.11,0.04,0.08,0.08,0.5,0
13/02/2024,172,fille,people,0.02,0.25,0.04,0.08,0.14,0.04,0.5,0.4
13/02/2024,173,frère,people,0.13,0,0.11,0.27,0.16,0,0.5,0
13/02/2024,174,garçon,people,0.02,0.25,0.04,0,0.07,0.04,0,0.6
13/02/2024,175,gens,people,0.02,0,0,0,0.07,0.04,0.5,0.2
13/02/2024,176,grand-mère,people,0.13,0.25,0.32,0.19,0.2,0.29,0.5,0.2
13/02/2024,177,grand-père,people,0.09,0.25,0.25,0.19,0.22,0.29,0,0
13/02/2024,178,maître,people,0.02,0,0,0,0.02,0,0.5,0
13/02/2024,179,maman,people,0.64,0.5,0.79,0.73,0.67,0.79,0.5,0.8
13/02/2024,180,nom de l'enfant,people,0.43,0.5,0.54,0.46,0.51,0.54,0.5,0.4
13/02/2024,181,nom de la nounou,people,0.11,0.25,0.29,0.27,0.23,0.29,0.5,0.4
13/02/2024,182,nounou,people,0.04,0.25,0.18,0.15,0.15,0.17,0.5,0.2
13/02/2024,183,oncle,people,0,0,0.04,0.04,0.05,0.04,0,0
13/02/2024,184,papa,people,0.62,0.5,0.79,0.58,0.64,0.79,0.5,0.8
13/02/2024,185,personne,people,0,0,0.04,0,0.07,0.04,0,0
13/02/2024,186,sœur,people,0.13,0,0.04,0.19,0.16,0.04,0,0.4
13/02/2024,186,soeur,people,0.13,0,0.04,0.19,0.16,0.04,0,0.4
13/02/2024,187,tante,people,0.09,0,0.11,0.15,0.21,0.17,0.5,0.4
13/02/2024,188,basket,clothing,0,0,0,0.08,0.05,0,0,0.4
13/02/2024,189,bavoir,clothing,0.13,0,0.21,0.23,0.35,0.25,0.5,0.6
13/02/2024,190,body,clothing,0.09,0.25,0.18,0.27,0.28,0.29,0.5,0.2
13/02/2024,191,bottes,clothing,0.04,0,0,0,0.02,0,0,0.4
13/02/2024,192,boutons,clothing,0.02,0,0.07,0.15,0.05,0,0.5,0
13/02/2024,193,ceinture,clothing,0.02,0,0,0,0.03,0,0,0.2
13/02/2024,194,chapeau,clothing,0,0,0.11,0.15,0.15,0.12,0.5,0.2
13/02/2024,195,chaussettes,clothing,0.13,0.25,0.5,0.42,0.45,0.38,0.5,0.6
13/02/2024,196,chausson,clothing,0.09,0,0.11,0.08,0.21,0.21,0.5,0.2
13/02/2024,197,chaussure,clothing,0.09,0,0.39,0.35,0.5,0.46,0.5,0.8
13/02/2024,198,chemise,clothing,0.02,0.25,0,0.19,0.12,0,0.5,0.2
13/02/2024,199,collants,clothing,0.04,0,0.07,0.12,0.05,0.08,0.5,0
13/02/2024,200,collier,clothing,0,0,0.04,0.12,0.06,0.08,0.5,0.2
13/02/2024,201,combinaison de ski,clothing,0.04,0,0,0,0.06,0,0,0.2
13/02/2024,202,couche,clothing,0.21,0.25,0.36,0.38,0.47,0.46,1,0.8
13/02/2024,203,culotte,clothing,0.02,0,0,0,0,0,0.5,0.4
13/02/2024,204,écharpe,clothing,0.09,0,0.04,0.19,0.15,0.08,0.5,0.4
13/02/2024,205,gants,clothing,0.02,0,0,0.04,0.01,0,0,0
13/02/2024,206,grenouillère,clothing,0,0.25,0,0.08,0.05,0,0,0.2
13/02/2024,207,jeans,clothing,0.04,0.25,0,0.12,0.07,0,0,0
13/02/2024,208,manteau,clothing,0.04,0,0.25,0.23,0.31,0.33,1,0.4
13/02/2024,209,moufles,clothing,0,0,0,0,0,0.04,0,0.2
13/02/2024,210,pantalon,clothing,0.09,0.25,0.21,0.31,0.29,0.17,0.5,0.4
13/02/2024,211,perles,clothing,0.02,0,0,0,0.02,0,0,0.2
13/02/2024,212,pull,clothing,0.09,0,0.18,0.27,0.15,0.08,0.5,0.2
13/02/2024,213,pyjama,clothing,0.09,0.25,0.21,0.15,0.35,0.33,1,0.6
13/02/2024,214,robe,clothing,0.02,0,0,0.08,0.1,0,0.5,0.2
13/02/2024,215,salopette,clothing,0.02,0,0,0.08,0.08,0,0.5,0
13/02/2024,216,short,clothing,0.02,0.25,0,0.12,0.09,0,0,0.2
13/02/2024,217,sweat,clothing,0,0,0,0,0.02,0,0,0
13/02/2024,218,tee-shirt,clothing,0.02,0.25,0.14,0.08,0.12,0.08,0.5,0
13/02/2024,219,veste,clothing,0,0,0,0.04,0.14,0.04,0.5,0.2
13/02/2024,220,argent,household,0.02,0,0,0.08,0.05,0,0,0.2
13/02/2024,221,aspirateur,household,0.06,0,0.18,0,0.21,0.17,0.5,0.4
13/02/2024,222,assiette,household,0,0,0.11,0.12,0.16,0.04,0.5,0
13/02/2024,223,balai,household,0,0,0,0,0.07,0.04,0.5,0
13/02/2024,224,biberon,household,0.11,0,0,0.12,0.3,0.5,0,0.2
13/02/2024,225,boîte,household,0.02,0,0.07,0.08,0.13,0.08,0.5,0.4
13/02/2024,226,bol,household,0.02,0.25,0,0.08,0.13,0.04,0,0.2
13/02/2024,227,bouteille,household,0.06,0,0.07,0.08,0.17,0.12,0.5,0
13/02/2024,228,brosse,household,0.02,0.25,0.11,0.15,0.23,0.12,0.5,0
13/02/2024,229,brosse à dent,household,0.06,0,0.07,0.15,0.31,0.12,0.5,0.2
13/02/2024,230,ciseaux,household,0.02,0.25,0.04,0.08,0.09,0,0,0.2
13/02/2024,231,clefs,household,0.11,0.25,0.07,0.12,0.23,0.17,0.5,0.4
13/02/2024,232,couverture,household,0.11,0.25,0.07,0.12,0.12,0.08,0.5,0.2
13/02/2024,233,cuillère,household,0.11,0.25,0.18,0.19,0.3,0.29,0.5,0
13/02/2024,234,dent,household,0.04,0.25,0.11,0.35,0.17,0,0.5,0.4
13/02/2024,235,feuille,household,0.06,0.25,0.07,0.15,0.09,0.04,0.5,0.2
13/02/2024,236,fourchette,household,0.06,0,0.07,0.12,0.19,0.08,0.5,0.2
13/02/2024,237,horloge,household,0,0,0,0,0,0,0,0.2
13/02/2024,238,lampe,household,0.02,0,0.04,0.08,0.09,0.04,0.5,0.2
13/02/2024,239,lumière,household,0.09,0,0.07,0.15,0.13,0.08,0.5,0.2
13/02/2024,240,lunettes,household,0.06,0.25,0.11,0.23,0.29,0.12,0.5,0.6
13/02/2024,241,marteau,household,0,0,0,0,0.02,0.04,0,0
13/02/2024,242,médicaments,household,0.04,0,0.11,0.15,0.1,0.08,0,0.4
13/02/2024,243,montre,household,0.02,0.25,0.11,0.04,0.1,0.04,0.5,0
13/02/2024,244,musique,household,0.09,0.25,0.11,0.23,0.31,0.25,0.5,0.2
13/02/2024,245,oreiller,household,0.04,0,0.04,0.08,0.1,0,0.5,0
13/02/2024,246,papier,household,0.04,0.25,0.04,0.04,0.09,0,0.5,0.2
13/02/2024,247,peigne,household,0.02,0,0.07,0.08,0.14,0.04,0,0.4
13/02/2024,248,photo,household,0.02,0.25,0.07,0.04,0.14,0.08,0.5,0.6
13/02/2024,249,plante,household,0.02,0.25,0.07,0.12,0.05,0,0.5,0.2
13/02/2024,250,plat,household,0.02,0,0.04,0.04,0.05,0,0.5,0.2
13/02/2024,251,porte-monnaie,household,0,0,0,0,0.05,0,0,0.2
13/02/2024,252,poubelle,household,0.02,0.25,0.14,0.12,0.21,0.17,0.5,0.4
13/02/2024,253,radio,household,0.02,0,0.04,0,0.03,0,0.5,0.2
13/02/2024,254,savon,household,0.02,0.25,0.04,0.15,0.17,0.12,0.5,0.4
13/02/2024,255,serviette,household,0.04,0,0.07,0.19,0.19,0.04,0.5,0
13/02/2024,256,sirop,household,0,0,0,0.08,0.05,0,0,0.2
13/02/2024,257,sous,household,0,0,0,0,0.03,0,0,0
13/02/2024,258,sucette,household,0.04,0,0.07,0.08,0.13,0.17,0,0.6
13/02/2024,259,tasse,household,0.02,0,0,0,0.09,0.04,0.5,0.2
13/02/2024,260,télécommande,household,0.06,0.25,0.14,0.15,0.29,0.17,0.5,0.2
13/02/2024,261,téléphone,household,0.09,0.25,0.25,0.27,0.43,0.33,0.5,0.6
13/02/2024,262,verre,household,0.02,0,0.07,0.04,0.15,0.08,0.5,0
13/02/2024,263,baignoire,furniture_rooms,0.09,0.25,0.21,0.23,0.28,0.25,0.5,0.2
13/02/2024,264,berceau,furniture_rooms,0.06,0,0,0.12,0.06,0,0,0.2
13/02/2024,265,canapé,furniture_rooms,0.06,0.25,0.21,0.23,0.27,0.17,0.5,0.6
13/02/2024,266,chaise,furniture_rooms,0,0,0.18,0.23,0.29,0.12,0.5,0.2
13/02/2024,267,chaise haute,furniture_rooms,0.02,0,0.11,0.12,0.16,0.25,0.5,0.2
13/02/2024,268,chambre,furniture_rooms,0.04,0.25,0.32,0.19,0.34,0.29,0.5,0.4
13/02/2024,269,cuisinière,furniture_rooms,0.02,0,0.04,0.04,0.03,0,0,0.2
13/02/2024,270,escalier,furniture_rooms,0.09,0.25,0.07,0.15,0.26,0.08,0.5,0.2
13/02/2024,271,évier,furniture_rooms,0,0,0,0.08,0.03,0,0.5,0
13/02/2024,272,fauteuil,furniture_rooms,0,0.25,0.07,0.08,0.02,0.04,0.5,0
13/02/2024,273,fenêtre,furniture_rooms,0.04,0.25,0.11,0.12,0.15,0.17,0.5,0.4
13/02/2024,274,four,furniture_rooms,0.04,0,0,0.04,0.12,0.08,0.5,0.2
13/02/2024,275,frigo,furniture_rooms,0,0.25,0.11,0.04,0.13,0.04,0.5,0.2
13/02/2024,276,garage,furniture_rooms,0,0,0,0.08,0.02,0,0,0.4
13/02/2024,277,lavabo,furniture_rooms,0,0.25,0,0,0.05,0,0.5,0
13/02/2024,278,lit,furniture_rooms,0.09,0.25,0.32,0.38,0.5,0.42,1,0.2
13/02/2024,279,parc,furniture_rooms,0.02,0,0.18,0.23,0.13,0.12,0.5,0
13/02/2024,280,porte,furniture_rooms,0,0.25,0.14,0.19,0.33,0.08,0.5,0.2
13/02/2024,281,pot,furniture_rooms,0,0,0,0.04,0.05,0,0,0.2
13/02/2024,282,salle de bain,furniture_rooms,0.02,0.25,0.21,0.19,0.31,0.21,0.5,0.2
13/02/2024,283,salon,furniture_rooms,0.09,0,0.14,0.23,0.24,0.08,0.5,0.2
13/02/2024,284,table,furniture_rooms,0,0.25,0.11,0.19,0.27,0.12,0.5,0.4
13/02/2024,285,télé,furniture_rooms,0.09,0,0.11,0.19,0.13,0,0.5,0
13/02/2024,285,télévision,furniture_rooms,0.09,0,0.11,0.19,0.13,0,0.5,0
13/02/2024,286,tiroir,furniture_rooms,0.02,0,0.11,0.15,0.1,0.04,0.5,0
13/02/2024,287,arbre,outside_places,0.02,0.25,0.18,0.08,0.15,0.04,0.5,0.2
13/02/2024,288,balançoire,outside_places,0.02,0,0.11,0,0.06,0.04,0.5,0.2
13/02/2024,289,caillou,outside_places,0.06,0,0.04,0.19,0.16,0.04,0.5,0.2
13/02/2024,290,ciel,outside_places,0,0.25,0.07,0,0.06,0,0.5,0
13/02/2024,291,cour,outside_places,0.06,0,0,0.19,0.06,0,0.5,0
13/02/2024,292,crèche,outside_places,0.11,0,0.18,0.19,0.38,0.33,1,0.2
13/02/2024,293,dehors,outside_places,0.04,0.25,0.07,0.08,0.21,0.17,0.5,0.4
13/02/2024,294,eau,outside_places,0.15,0.25,0.18,0.46,0.31,0.04,1,0.4
13/02/2024,295,école,outside_places,0.04,0,0,0.19,0.09,0.04,0.5,0.4
13/02/2024,296,église,outside_places,0.04,0,0,0.15,0.1,0,0.5,0.2
13/02/2024,297,étoile,outside_places,0.02,0.25,0.04,0.04,0.07,0,0,0.2
13/02/2024,298,fête,outside_places,0.02,0,0,0.08,0.06,0,0.5,0
13/02/2024,299,fleur,outside_places,0.02,0.25,0.07,0.15,0.2,0.17,0.5,0.4
13/02/2024,300,garderie,outside_places,0,0,0.04,0.04,0.01,0,0,0.6
13/02/2024,301,jardin,outside_places,0.02,0,0.07,0.04,0.14,0.12,0.5,0
13/02/2024,302,lune,outside_places,0,0.25,0.04,0,0.02,0,0,0.4
13/02/2024,303,magasin,outside_places,0.02,0,0.07,0.12,0.12,0,0,0.2
13/02/2024,304,maison,outside_places,0.11,0.25,0.25,0.27,0.35,0.25,1,0.6
13/02/2024,305,neige,outside_places,0.02,0,0,0,0.05,0,0,0.2
13/02/2024,306,parc,outside_places,0.02,0,0.14,0.19,0.22,0.08,1,0.2
13/02/2024,307,pelle,outside_places,0.02,0,0,0,0.06,0.08,0.5,0.4
13/02/2024,308,piscine,outside_places,0,0.25,0.04,0.04,0.12,0,0,0.6
13/02/2024,309,plage,outside_places,0,0,0.04,0.08,0.09,0.04,0,0.2
13/02/2024,310,pluie,outside_places,0.06,0.25,0.07,0.15,0.12,0.04,0.5,0
13/02/2024,311,soleil,outside_places,0.04,0,0.04,0.12,0.15,0,0.5,0.2
13/02/2024,312,toboggan,outside_places,0.11,0,0.07,0.23,0.26,0.17,0,0
13/02/2024,313,travail,outside_places,0.04,0,0.11,0.08,0.12,0,0.5,0
13/02/2024,314,zoo,outside_places,0.02,0,0,0,0.03,0,0,0.2
13/02/2024,315,avion,vehicles,0.02,0.25,0.04,0.04,0.1,0.08,0.5,0.2
13/02/2024,316,bus,vehicles,0.09,0,0.07,0.08,0.08,0.04,0.5,0.2
13/02/2024,317,camion,vehicles,0.06,0.25,0.11,0.08,0.09,0.04,0.5,0.2
13/02/2024,318,camion de pompier,vehicles,0.02,0,0,0,0.05,0,0,0.2
13/02/2024,319,moto,vehicles,0.04,0,0.07,0.04,0.08,0.04,0,0.2
13/02/2024,320,poussette,vehicles,0.32,0.25,0.39,0.46,0.53,0.42,1,1
13/02/2024,321,train,vehicles,0.06,0.25,0.14,0.12,0.14,0.04,1,0.2
13/02/2024,322,vélo,vehicles,0.02,0.25,0.07,0.08,0.13,0.04,0.5,0.4
13/02/2024,323,voiture,vehicles,0.13,0.25,0.29,0.27,0.44,0.17,1,0.4
13/02/2024,324,attention,descriptive_words,0.21,0.25,0.46,0.38,0.53,0.46,0.5,0.6
13/02/2024,325,faim,descriptive_words,0.15,0.25,0.21,0.5,0.37,0.17,1,0.4
13/02/2024,325,avoir faim,descriptive_words,0.15,0.25,0.21,0.5,0.37,0.17,1,0.4
13/02/2024,326,avoir peur,descriptive_words,0.04,0.25,0.07,0.12,0.03,0,0.5,0.2
13/02/2024,327,avoir soif,descriptive_words,0.06,0.25,0.14,0.27,0.27,0.17,1,0.2
13/02/2024,328,beau,descriptive_words,0.15,0,0.25,0.19,0.2,0,0.5,0.2
13/02/2024,329,bien,descriptive_words,0.09,0,0.11,0.23,0.27,0.29,0.5,0.4
13/02/2024,329,bon,descriptive_words,0.09,0,0.11,0.23,0.27,0.29,0.5,0.4
13/02/2024,330,blessé,descriptive_words,0.09,0,0,0.23,0.07,0,0,0.2
13/02/2024,331,bleu,descriptive_words,0.02,0,0,0,0.03,0,0,0
13/02/2024,332,bon,descriptive_words,0.17,0,0.14,0.38,0.26,0.12,0,0.2
13/02/2024,333,cassé,descriptive_words,0.04,0,0.07,0,0.09,0.12,0,0.2
13/02/2024,334,chaud,descriptive_words,0.09,0.25,0.18,0.19,0.2,0.12,0.5,0.2
13/02/2024,335,content,descriptive_words,0.04,0.25,0.14,0.08,0.19,0.08,0.5,0.2
13/02/2024,336,dégoûtant,descriptive_words,0.04,0,0.04,0.08,0.08,0,0,0.2
13/02/2024,337,doux,descriptive_words,0.09,0.25,0.14,0.19,0.13,0,0.5,0.2
13/02/2024,338,dur,descriptive_words,0,0,0.04,0,0.03,0,0,0
13/02/2024,339,endormi,descriptive_words,0.04,0,0.04,0.12,0.12,0,0.5,0.2
13/02/2024,340,fatigué,descriptive_words,0.17,0.25,0.36,0.35,0.38,0.33,1,0.2
13/02/2024,341,froid,descriptive_words,0.04,0.25,0.14,0.08,0.09,0.08,0.5,0.2
13/02/2024,342,gentil,descriptive_words,0.04,0,0.14,0.19,0.14,0,0,0.4
13/02/2024,343,grand,descriptive_words,0.13,0,0.07,0.27,0.12,0.08,0.5,0.2
13/02/2024,344,joli,descriptive_words,0.11,0,0.11,0.12,0.12,0,0.5,0
13/02/2024,345,malade,descriptive_words,0.11,0,0.07,0.27,0.15,0.04,0.5,0.6
13/02/2024,346,méchant,descriptive_words,0.06,0,0,0.15,0.13,0,0.5,0.4
13/02/2024,347,mignon,descriptive_words,0.11,0,0.04,0.12,0.12,0.04,0.5,0.4
13/02/2024,348,mouillé,descriptive_words,0.06,0.25,0.07,0.12,0.13,0,0.5,0.2
13/02/2024,349,parti,descriptive_words,0,0,0.18,0.23,0.16,0.33,0.5,0
13/02/2024,350,pas bon,descriptive_words,0.06,0,0.18,0.23,0.16,0.08,0,0.4
13/02/2024,351,petit,descriptive_words,0.02,0,0.11,0.04,0.03,0,0.5,0
13/02/2024,352,propre,descriptive_words,0.04,0.25,0.14,0.12,0.15,0.04,0.5,0.2
13/02/2024,353,rouge,descriptive_words,0.06,0,0,0.15,0.05,0,0.5,0
13/02/2024,354,sale,descriptive_words,0.13,0.25,0.14,0.19,0.27,0,0.5,0.6
13/02/2024,355,sec,descriptive_words,0.04,0,0,0.04,0.03,0,0.5,0
13/02/2024,356,sombre,descriptive_words,0.04,0,0,0.04,0.03,0,0.5,0.2
13/02/2024,357,tendre,descriptive_words,0,0,0,0.08,0.03,0,0,0
13/02/2024,358,vide,descriptive_words,0.02,0.25,0.04,0.19,0.1,0.04,0,0
13/02/2024,359,vieux,descriptive_words,0.02,0,0,0.04,0.03,0,0,0
13/02/2024,360,vilain,descriptive_words,0.13,0,0.04,0.23,0.15,0,0,0.2
13/02/2024,361,vite,descriptive_words,0.04,0,0.07,0.15,0.08,0.04,0.5,0.4
13/02/2024,362,aider,action_words,0.02,0.25,0.04,0.04,0.07,0,0.5,0.4
13/02/2024,362,m'aider,action_words,0.02,0.25,0.04,0.04,0.07,0,0.5,0.4
13/02/2024,363,aimer,action_words,0.09,0.25,0.14,0.12,0.15,0,0.5,0.2
13/02/2024,363,aime,action_words,0.09,0.25,0.14,0.12,0.15,0,0.5,0.2
13/02/2024,363,aimez,action_words,0.09,0.25,0.14,0.12,0.15,0,0.5,0.2
13/02/2024,363,j'aime,action_words,0.09,0.25,0.14,0.12,0.15,0,0.5,0.2
13/02/2024,364,aller,action_words,0.06,0.25,0.21,0.15,0.19,0.08,0.5,0.4
13/02/2024,364,allé,action_words,0.06,0.25,0.21,0.15,0.19,0.08,0.5,0.4
13/02/2024,365,apporter,action_words,0,0,0.07,0.15,0.2,0.17,0.5,0.4
13/02/2024,366,arrêter,action_words,0.06,0.25,0.32,0.27,0.24,0.21,0.5,0.6
13/02/2024,366,arrête,action_words,0.06,0.25,0.32,0.27,0.24,0.21,0.5,0.6
13/02/2024,366,arrêté,action_words,0.06,0.25,0.32,0.27,0.24,0.21,0.5,0.6
13/02/2024,367,avoir sommeil,action_words,0.21,0.25,0.18,0.46,0.27,0.08,0.5,0.4
13/02/2024,368,balancer,action_words,0.02,0,0.04,0,0.03,0.04,0.5,0.2
13/02/2024,369,boire,action_words,0.17,0.25,0.32,0.38,0.38,0.5,0.5,0.4
13/02/2024,370,casser,action_words,0.04,0.25,0.07,0.04,0.16,0.04,0.5,0
13/02/2024,371,chante,action_words,0.04,0.25,0.21,0.23,0.24,0.08,0.5,0.2
13/02/2024,371,chanter,action_words,0.04,0.25,0.21,0.23,0.24,0.08,0.5,0.2
13/02/2024,371,chanté,action_words,0.04,0.25,0.21,0.23,0.24,0.08,0.5,0.2
13/02/2024,372,chatouiller,action_words,0.11,0,0.18,0.19,0.13,0.08,0.5,0.4
13/02/2024,373,conduire,action_words,0.02,0.25,0,0,0.02,0,0,0
13/02/2024,374,courir,action_words,0.02,0,0,0.15,0.09,0.04,0.5,0.2
13/02/2024,375,danser,action_words,0.04,0,0.18,0.38,0.34,0.29,0.5,0.6
13/02/2024,375,danse,action_words,0.04,0,0.18,0.38,0.34,0.29,0.5,0.6
13/02/2024,376,dessiner,action_words,0.04,0,0.04,0.08,0.12,0.04,0,0.6
13/02/2024,376,dessine,action_words,0.04,0,0.04,0.08,0.12,0.04,0,0.6
13/02/2024,376,dessiné,action_words,0.04,0,0.04,0.08,0.12,0.04,0,0.6
13/02/2024,377,dire,action_words,0.02,0.25,0.18,0.08,0.09,0,0.5,0.2
13/02/2024,378,donner,action_words,0.04,0,0.25,0.23,0.23,0,0.5,0.2
13/02/2024,378,donné,action_words,0.04,0,0.25,0.23,0.23,0,0.5,0.2
13/02/2024,378,donne,action_words,0.04,0,0.25,0.23,0.23,0,0.5,0.2
13/02/2024,379,donner un coup de pied,action_words,0.06,0,0,0.08,0.05,0,0.5,0
13/02/2024,380,dormir,action_words,0.09,0,0.32,0.23,0.35,0.25,0.5,0.6
13/02/2024,381,éclabousser,action_words,0.04,0,0.07,0.04,0.05,0.04,0.5,0.2
13/02/2024,382,écrire,action_words,0,0.25,0,0.08,0.01,0,0.5,0
13/02/2024,383,essuyer,action_words,0,0,0.07,0,0.09,0,0.5,0.2
13/02/2024,383,m'essuyer,action_words,0,0,0.07,0,0.09,0,0.5,0.2
13/02/2024,384,faire du vélo,action_words,0,0,0.07,0.08,0.05,0,0,0.2
13/02/2024,385,faire un bisou,action_words,0.13,0,0.43,0.19,0.36,0.38,0.5,0.4
13/02/2024,386,fermer,action_words,0,0.25,0.11,0.19,0.22,0.25,0.5,0.4
13/02/2024,387,finir,action_words,0.02,0,0.11,0.08,0.07,0,0.5,0.2
13/02/2024,388,jeter,action_words,0.04,0,0.21,0.15,0.2,0.17,0.5,0.2
13/02/2024,389,jouer,action_words,0.09,0.25,0.32,0.31,0.15,0,0.5,0.4
13/02/2024,389,joué,action_words,0.09,0.25,0.32,0.31,0.15,0,0.5,0.4
13/02/2024,390,laver,action_words,0.06,0.25,0.29,0.15,0.24,0.17,0.5,0.2
13/02/2024,391,lire,action_words,0.02,0.25,0.36,0.35,0.26,0.08,0.5,0.2
13/02/2024,392,manger,action_words,0.19,0.25,0.32,0.38,0.51,0.67,0.5,0.6
13/02/2024,392,mangé,action_words,0.19,0.25,0.32,0.38,0.51,0.67,0.5,0.6
13/02/2024,393,marcher,action_words,0.04,0.25,0.21,0.19,0.28,0.33,0.5,0.4
13/02/2024,394,mettre,action_words,0.02,0,0.07,0.12,0.15,0.17,0.5,0.4
13/02/2024,395,montrer,action_words,0.02,0.25,0.18,0.15,0.17,0.12,0.5,0.2
13/02/2024,395,montré,action_words,0.02,0.25,0.18,0.15,0.17,0.12,0.5,0.2
13/02/2024,396,mordre,action_words,0.02,0,0.07,0.08,0.14,0.12,0.5,0.2
13/02/2024,397,nager,action_words,0,0.25,0.04,0.04,0.03,0,0,0.2
13/02/2024,398,nettoyer,action_words,0.02,0,0.04,0.08,0.14,0.08,0.5,0.4
13/02/2024,398,nettoyé,action_words,0.02,0,0.04,0.08,0.14,0.08,0.5,0.4
13/02/2024,399,nourrir,action_words,0.02,0,0.04,0.04,0.05,0.04,0.5,0.4
13/02/2024,400,ouvrir,action_words,0.02,0.25,0.18,0.15,0.17,0.21,0.5,0.2
13/02/2024,400,ouvre,action_words,0.02,0.25,0.18,0.15,0.17,0.21,0.5,0.2
13/02/2024,401,pleurer,action_words,0.04,0.25,0.29,0.12,0.21,0.08,0.5,0.4
13/02/2024,401,pleure,action_words,0.04,0.25,0.29,0.12,0.21,0.08,0.5,0.4
13/02/2024,402,pousser,action_words,0.04,0,0.04,0.12,0.15,0.12,0.5,0.2
13/02/2024,403,prendre,action_words,0.09,0.25,0.29,0.19,0.2,0,0.5,0.4
13/02/2024,404,prendre dans ses bras,action_words,0.11,0,0.32,0.27,0.28,0.25,0.5,0.2
13/02/2024,405,recevoir,action_words,0.04,0.25,0,0.04,0.01,0,0,0
13/02/2024,406,regarder,action_words,0.11,0.25,0.32,0.19,0.33,0.25,0.5,0.6
13/02/2024,406,regardé,action_words,0.11,0.25,0.32,0.19,0.33,0.25,0.5,0.6
13/02/2024,407,sauter,action_words,0.02,0,0.11,0,0.06,0.08,0,0
13/02/2024,408,se cogner,action_words,0.04,0.25,0.18,0.12,0.15,0.08,0.5,0.2
13/02/2024,409,se dépêcher,action_words,0.02,0,0.04,0.04,0.07,0,0.5,0.2
13/02/2024,410,souffler,action_words,0.02,0,0.11,0,0.15,0.29,0.5,0.6
13/02/2024,410,soufflé,action_words,0.02,0,0.11,0,0.15,0.29,0.5,0.6
13/02/2024,411,sourire,action_words,0.06,0.25,0.14,0.15,0.16,0.12,0.5,0.4
13/02/2024,412,taper,action_words,0.09,0,0.25,0.23,0.31,0.21,0.5,0.2
13/02/2024,413,tirer,action_words,0.02,0,0.11,0,0.05,0.12,0.5,0
13/02/2024,414,tomber,action_words,0.04,0,0.11,0.15,0.24,0.21,0.5,0.4
13/02/2024,414,tombé,action_words,0.04,0,0.11,0.15,0.24,0.21,0.5,0.4
13/02/2024,415,toucher,action_words,0.09,0.25,0.25,0.23,0.26,0.12,0.5,0.4
13/02/2024,415,touché,action_words,0.09,0.25,0.25,0.23,0.26,0.12,0.5,0.4
13/02/2024,416,voir,action_words,0,0.25,0.14,0.08,0.13,0.08,0.5,0.2
13/02/2024,417,aujourd'hui,time_words,0.15,0,0.04,0.23,0.13,0.08,0.5,0.4
13/02/2024,418,ce soir,time_words,0.11,0,0.07,0.27,0.17,0.04,0.5,0.6
13/02/2024,419,demain,time_words,0.02,0,0.04,0,0.06,0.08,0.5,0.2
13/02/2024,420,jour,time_words,0.02,0.25,0.07,0,0.08,0.04,0.5,0.2
13/02/2024,421,maintenant,time_words,0,0.25,0,0.04,0.03,0.04,0.5,0
13/02/2024,422,matin,time_words,0.15,0.25,0.04,0.27,0.16,0.04,0.5,0.2
13/02/2024,423,nuit,time_words,0.06,0.25,0.11,0.04,0.15,0.08,0.5,0.2
13/02/2024,424,dans,prepositions,0,0.25,0.11,0.04,0.12,0.17,0.5,0.2
13/02/2024,425,dedans,prepositions,0,0,0.07,0.08,0.08,0,0.5,0
13/02/2024,426,dehors,prepositions,0.04,0,0.07,0.19,0.09,0.04,0,0.2
13/02/2024,427,derrière,prepositions,0.04,0,0.04,0.04,0.09,0.08,0.5,0.4
13/02/2024,428,en bas,prepositions,0,0.25,0.04,0.04,0.06,0,0,0.2
13/02/2024,429,en haut,prepositions,0.15,0.25,0.04,0.19,0.14,0.04,0,0.6
13/02/2024,430,là ,prepositions,0.02,0.25,0.25,0.15,0.28,0.25,0.5,0.2
13/02/2024,431,là -bas,prepositions,0.06,0.25,0.07,0.19,0.13,0.17,0.5,0
13/02/2024,432,loin,prepositions,0.04,0,0,0,0.01,0.04,0,0.2
13/02/2024,433,sous,prepositions,0,0.25,0.04,0,0.08,0.04,0.5,0.2
13/02/2024,434,sur,prepositions,0,0,0.04,0.08,0.07,0.12,0.5,0
13/02/2024,435,à elle,pronouns,0.02,0.25,0.07,0.12,0.08,0.12,0,0.4
13/02/2024,436,à lui,pronouns,0.04,0.25,0.07,0.08,0.06,0.12,0,0.4
13/02/2024,437,à moi,pronouns,0.02,0.25,0.11,0.04,0.02,0,0.5,0
13/02/2024,438,ça,pronouns,0.04,0.25,0.14,0.08,0.08,0.04,0.5,0.2
13/02/2024,440,ma,pronouns,0.06,0,0.11,0.08,0.15,0.04,0,0.4
13/02/2024,439,je,pronouns,0,0.25,0.11,0,0.07,0,0.5,0.4
13/02/2024,440,mon,pronouns,0.06,0,0.11,0.08,0.15,0.04,0,0.4
13/02/2024,441,moi,pronouns,0.02,0,0.14,0.08,0.12,0.04,0.5,0.2
13/02/2024,442,votre,pronouns,0,0,0.14,0.04,0.05,0,0,0.2
13/02/2024,442,ta,pronouns,0,0,0.14,0.04,0.05,0,0,0.2
13/02/2024,443,vous,pronouns,0.04,0,0.11,0.19,0.1,0,0.5,0.4
13/02/2024,444,comment,question_words,0.02,0,0,0.04,0.05,0,0,0
13/02/2024,445,oà¹,question_words,0.04,0.25,0.18,0.19,0.2,0.21,0.5,0.2
13/02/2024,446,pourquoi,question_words,0.02,0,0.04,0,0.02,0,0,0
13/02/2024,447,quand,question_words,0.02,0.25,0,0,0.01,0,0,0.2
13/02/2024,448,qui,question_words,0.06,0.25,0.14,0.12,0.08,0,0,0.2
13/02/2024,449,quoi,question_words,0.02,0.25,0.11,0.04,0.07,0,0,0
13/02/2024,450,aucun,quantifiers,0,0,0,0,0,0,0,0.2
13/02/2024,451,encore,quantifiers,0.06,0,0.21,0.12,0.28,0.42,0,0.4
13/02/2024,452,le même,quantifiers,0,0,0.04,0,0.06,0.04,0,0.4
13/02/2024,452,même,quantifiers,0,0,0.04,0,0.06,0.04,0,0.4
13/02/2024,453,pas,quantifiers,0.02,0.25,0.11,0.12,0.15,0.08,0.5,0.2
13/02/2024,454,tous,quantifiers,0.02,0,0,0,0.02,0,0,0.2
13/02/2024,455,un autre,quantifiers,0,0,0.07,0.04,0.08,0.17,0,0.2
13/02/2024,456,un peu,quantifiers,0.02,0.25,0.07,0.08,0.09,0.08,0.5,0.2
13/02/2024,519,bateau,vehicles,0,0,0,0,0.05,0.04,0,0
13/02/2024,520,hélicoptère,vehicles,0,0,0,0,0.01,0,0,0
13/02/2024,521,traîneau,vehicles,0,0,0,0,0,0,0,0
13/02/2024,522,tracteur,vehicles,0,0,0,0,0,0.04,0,0
13/02/2024,523,tricycle,vehicles,0,0,0,0,0,0,0,0
13/02/2024,524,stylo,toys,0,0,0,0,0.02,0.04,0,0
13/02/2024,525,jouet,toys,0,0,0,0,0.1,0.25,0,0
13/02/2024,526,raquette,toys,0,0,0,0,0,0,0,0
13/02/2024,527,craie,toys,0,0,0,0,0,0,0,0
13/02/2024,528,jeu,toys,0,0,0,0,0.03,0.04,0,0
13/02/2024,529,colle,toys,0,0,0,0,0.01,0,0,0
13/02/2024,530,pâte à modeler,toys,0,0,0,0,0.01,0.04,0,0
13/02/2024,531,cadeau,toys,0,0,0,0,0.03,0,0,0
13/02/2024,532,puzzle,toys,0,0,0,0,0.03,0,0,0
13/02/2024,533,histoire,toys,0,0,0,0,0.12,0.17,0,0
13/02/2024,534,feutre,toys,0,0,0,0,0.01,0,0,0
13/02/2024,535,crocodile,animals,0,0,0,0,0.09,0.12,0,0
13/02/2024,536,fourmi,animals,0,0,0,0,0.02,0.04,0,0
13/02/2024,537,renne,animals,0,0,0,0,0,0,0,0
13/02/2024,538,coq,animals,0,0,0,0,0.03,0,0,0
13/02/2024,539,loup,animals,0,0,0,0,0.03,0.12,0,0
13/02/2024,540,zèbre,animals,0,0,0,0,0.01,0,0,0
13/02/2024,541,petits pots,food_drink,0,0,0,0,0.14,0.08,0,0
13/02/2024,542,thon,food_drink,0,0,0,0,0,0,0,0
13/02/2024,543,kiwi,food_drink,0,0,0,0,0.03,0.04,0,0
13/02/2024,544,compote,food_drink,0,0,0,0,0.21,0.42,0,0
13/02/2024,545,haricot,food_drink,0,0,0,0,0.02,0.04,0,0
13/02/2024,546,chocolat,food_drink,0,0,0,0,0.06,0.04,0,0
13/02/2024,547,coca,food_drink,0,0,0,0,0,0,0,0
13/02/2024,548,maïs,food_drink,0,0,0,0,0,0.04,0,0
13/02/2024,549,beignet,food_drink,0,0,0,0,0,0,0,0
13/02/2024,550,frites,food_drink,0,0,0,0,0.01,0.04,0,0
13/02/2024,551,haricots verts,food_drink,0,0,0,0,0,0.04,0,0
13/02/2024,552,chewing-gum,food_drink,0,0,0,0,0,0,0,0
13/02/2024,553,hamburger,food_drink,0,0,0,0,0,0,0,0
13/02/2024,554,glaçon,food_drink,0,0,0,0,0,0,0,0
13/02/2024,555,vitamines,food_drink,0,0,0,0,0.05,0.04,0,0
13/02/2024,556,bonbons,food_drink,0,0,0,0,0,0,0,0
13/02/2024,557,confiture,food_drink,0,0,0,0,0.01,0,0,0
13/02/2024,558,yaourt,food_drink,0,0,0,0,0.2,0.21,0,0
13/02/2024,559,sucette,food_drink,0,0,0,0,0,0.04,0,0
13/02/2024,560,melon,food_drink,0,0,0,0,0.01,0.04,0,0
13/02/2024,561,madeleine,food_drink,0,0,0,0,0.01,0,0,0
13/02/2024,562,noisettes,food_drink,0,0,0,0,0,0,0,0
13/02/2024,563,crêpe,food_drink,0,0,0,0,0.01,0,0,0
13/02/2024,564,nutella,food_drink,0,0,0,0,0.01,0,0,0
13/02/2024,565,mayonnaise,food_drink,0,0,0,0,0,0,0,0
13/02/2024,566,pop-corn,food_drink,0,0,0,0,0,0,0,0
13/02/2024,567,esquimau,food_drink,0,0,0,0,0,0,0,0
13/02/2024,568,pomme de terre,food_drink,0,0,0,0,0.03,0,0,0
13/02/2024,569,chips,food_drink,0,0,0,0,0,0,0,0
13/02/2024,570,bretzel,food_drink,0,0,0,0,0,0,0,0
13/02/2024,571,flan,food_drink,0,0,0,0,0,0,0,0
13/02/2024,572,courge,food_drink,0,0,0,0,0,0,0,0
13/02/2024,573,raisins secs,food_drink,0,0,0,0,0,0,0,0
13/02/2024,574,sel,food_drink,0,0,0,0,0,0,0,0
13/02/2024,575,sandwich,food_drink,0,0,0,0,0,0,0,0
13/02/2024,576,sauce,food_drink,0,0,0,0,0,0,0,0
13/02/2024,577,limonade,food_drink,0,0,0,0,0,0,0,0
13/02/2024,578,fraise,food_drink,0,0,0,0,0,0.04,0,0
13/02/2024,579,vanille,food_drink,0,0,0,0,0,0,0,0
13/02/2024,580,genouillère,clothing,0,0,0,0,0,0,0,0
13/02/2024,581,aïe,body_parts,0,0,0,0,0.09,0.17,0,0
13/02/2024,582,bobo,body_parts,0,0,0,0,0.06,0.08,0,0
13/02/2024,583,cheville,body_parts,0,0,0,0,0,0,0,0
13/02/2024,584,fesses,body_parts,0,0,0,0,0.03,0.04,0,0
13/02/2024,585,menton,body_parts,0,0,0,0,0.01,0,0,0
13/02/2024,586,lèvre,body_parts,0,0,0,0,0,0,0,0
13/02/2024,587,pénis,body_parts,0,0,0,0,0.02,0.04,0,0
13/02/2024,588,vagin,body_parts,0,0,0,0,0.01,0,0,0
13/02/2024,589,cuisine,furniture_rooms,0,0,0,0,0.13,0.25,0,0
13/02/2024,590,étendage,furniture_rooms,0,0,0,0,0.01,0,0,0
13/02/2024,591,entrée,furniture_rooms,0,0,0,0,0.01,0,0,0
13/02/2024,592,douche,furniture_rooms,0,0,0,0,0.03,0.08,0,0
13/02/2024,593,pièce,furniture_rooms,0,0,0,0,0.01,0,0,0
13/02/2024,594,cave,furniture_rooms,0,0,0,0,0,0,0,0
13/02/2024,595,banc,furniture_rooms,0,0,0,0,0,0,0,0
13/02/2024,596,wc,furniture_rooms,0,0,0,0,0.02,0.04,0,0
13/02/2024,597,machine à laver,furniture_rooms,0,0,0,0,0.07,0.08,0,0
13/02/2024,598,les courses,games_routines,0,0,0,0,0.05,0,0,0
13/02/2024,599,goûter,games_routines,0,0,0,0,0.1,0.21,0,0
13/02/2024,600,coup de fil,games_routines,0,0,0,0,0.01,0,0,0
13/02/2024,601,top là ,games_routines,0,0,0,0,0.06,0.08,0,0
13/02/2024,602,je vais t'attraper,games_routines,0,0,0,0,0.13,0.29,0,0
13/02/2024,603,va sur le pot,games_routines,0,0,0,0,0,0,0,0
13/02/2024,604,tourne-toi,games_routines,0,0,0,0,0.05,0.04,0,0
13/02/2024,605,ce petit cochon,games_routines,0,0,0,0,0.01,0,0,0
13/02/2024,606,camping,places,0,0,0,0,0,0,0,0
13/02/2024,607,cirque,places,0,0,0,0,0,0,0,0
13/02/2024,608,campagne,places,0,0,0,0,0,0.04,0,0
13/02/2024,609,centre-ville,places,0,0,0,0,0.01,0,0,0
13/02/2024,610,ferme,places,0,0,0,0,0,0,0,0
13/02/2024,611,station service,places,0,0,0,0,0,0,0,0
13/02/2024,612,cinéma,places,0,0,0,0,0,0,0,0
13/02/2024,613,pique-nique,places,0,0,0,0,0,0,0,0
13/02/2024,614,terrain de jeux,places,0,0,0,0,0.01,0,0,0
13/02/2024,615,forêt,places,0,0,0,0,0,0,0,0
13/02/2024,616,au sujet de,prepositions,0,0,0,0,0,0,0,0
13/02/2024,617,au dessus de,prepositions,0,0,0,0,0.02,0.04,0,0
13/02/2024,618,autour de,prepositions,0,0,0,0,0.01,0,0,0
13/02/2024,619,à ,prepositions,0,0,0,0,0,0.04,0,0
13/02/2024,620,à côté de,prepositions,0,0,0,0,0.03,0.04,0,0
13/02/2024,621,chez,prepositions,0,0,0,0,0,0,0,0
13/02/2024,622,pour,prepositions,0,0,0,0,0,0,0,0
13/02/2024,623,ici,prepositions,0,0,0,0,0.03,0.12,0,0
13/02/2024,624,à l'intérieur de,prepositions,0,0,0,0,0.05,0,0,0
13/02/2024,625,près de,prepositions,0,0,0,0,0,0,0,0
13/02/2024,626,de,prepositions,0,0,0,0,0,0,0,0
13/02/2024,627,au loin,prepositions,0,0,0,0,0,0,0,0
13/02/2024,628,au sommet de,prepositions,0,0,0,0,0,0,0,0
13/02/2024,629,par dessus,prepositions,0,0,0,0,0.02,0,0,0
13/02/2024,630,vers,prepositions,0,0,0,0,0,0,0,0
13/02/2024,631,avec,prepositions,0,0,0,0,0.01,0,0,0
13/02/2024,632,lequel,question_words,0,0,0,0,0.01,0,0,0
13/02/2024,632,laquelle,question_words,0,0,0,0,0.01,0,0,0
13/02/2024,632,lesquelles,question_words,0,0,0,0,0.01,0,0,0
13/02/2024,633,aucun,quantifiers,0,0,0,0,0.01,0,0,0
13/02/2024,634,un,quantifiers,0,0,0,0,0.01,0.08,0,0
13/02/2024,635,plein,quantifiers,0,0,0,0,0.03,0.08,0,0
13/02/2024,636,du,quantifiers,0,0,0,0,0.01,0,0,0
13/02/2024,636,de la,quantifiers,0,0,0,0,0.01,0,0,0
13/02/2024,637,chaque,quantifiers,0,0,0,0,0,0,0,0
13/02/2024,638,autre,quantifiers,0,0,0,0,0.02,0,0,0
13/02/2024,639,aussi,quantifiers,0,0,0,0,0.01,0,0,0
13/02/2024,640,le,quantifiers,0,0,0,0,0.01,0.04,0,0
13/02/2024,640,la,quantifiers,0,0,0,0,0.01,0.04,0,0
13/02/2024,641,Il,pronouns,0,0,0,0,0.01,0,0,0
13/02/2024,642,ses,pronouns,0,0,0,0,0.01,0,0,0
13/02/2024,643,lui,pronouns,0,0,0,0,0.01,0.04,0,0
13/02/2024,644,moi-même,pronouns,0,0,0,0,0,0,0,0
13/02/2024,645,notre,pronouns,0,0,0,0,0.01,0,0,0
13/02/2024,646,elle,pronouns,0,0,0,0,0.01,0.04,0,0
13/02/2024,647,leur,pronouns,0,0,0,0,0.01,0,0,0
13/02/2024,648,ces,pronouns,0,0,0,0,0.01,0,0,0
13/02/2024,649,ils,pronouns,0,0,0,0,0.01,0,0,0
13/02/2024,650,ceux,pronouns,0,0,0,0,0.01,0,0,0
13/02/2024,651,nous,pronouns,0,0,0,0,0.02,0,0,0
13/02/2024,652,on,pronouns,0,0,0,0,0.01,0,0,0
13/02/2024,653,toi-même,pronouns,0,0,0,0,0,0,0,0
13/02/2024,654,après,time_words,0,0,0,0,0.02,0.04,0,0
13/02/2024,655,avant,time_words,0,0,0,0,0.01,0,0,0
13/02/2024,656,heure,time_words,0,0,0,0,0.01,0.04,0,0
13/02/2024,657,hier,time_words,0,0,0,0,0.01,0,0,0
13/02/2024,658,et,connecting_words,0,0,0,0,0.01,0,0,0
13/02/2024,659,parce que,connecting_words,0,0,0,0,0.01,0,0,0
13/02/2024,660,mais,connecting_words,0,0,0,0,0.01,0,0,0
13/02/2024,661,si,connecting_words,0,0,0,0,0.01,0.04,0,0
13/02/2024,662,donc,connecting_words,0,0,0,0,0.01,0,0,0
13/02/2024,663,alors,connecting_words,0,0,0,0,0.01,0,0,0
13/02/2024,664,rocher,outside,0,0,0,0,0.01,0,0,0
13/02/2024,665,nuage,outside,0,0,0,0,0,0,0,0
13/02/2024,666,drapeau,outside,0,0,0,0,0,0,0,0
13/02/2024,667,herbe,outside,0,0,0,0,0.05,0.04,0,0
13/02/2024,668,tuyau,outside,0,0,0,0,0,0,0,0
13/02/2024,669,échelle,outside,0,0,0,0,0,0,0,0
13/02/2024,670,tondeuse à gazon,outside,0,0,0,0,0.01,0,0,0
13/02/2024,671,toit,outside,0,0,0,0,0,0,0,0
13/02/2024,672,bac à sable,outside,0,0,0,0,0.06,0,0,0
13/02/2024,673,trottoir,outside,0,0,0,0,0.03,0,0,0
13/02/2024,674,bonhomme de neige,outside,0,0,0,0,0,0,0,0
13/02/2024,675,arrosoir,outside,0,0,0,0,0,0.04,0,0
13/02/2024,676,bâton,outside,0,0,0,0,0.01,0,0,0
13/02/2024,677,pierre,outside,0,0,0,0,0.01,0,0,0
13/02/2024,678,rue,outside,0,0,0,0,0.02,0,0,0
13/02/2024,679,vent,outside,0,0,0,0,0.02,0.04,0,0
13/02/2024,680,monsieur,people,0,0,0,0,0.01,0.04,0,0
13/02/2024,681,clown,people,0,0,0,0,0,0,0,0
13/02/2024,682,docteur,people,0,0,0,0,0.02,0.21,0,0
13/02/2024,683,pompier,people,0,0,0,0,0.01,0,0,0
13/02/2024,684,copain,people,0,0,0,0,0.05,0.04,0,0
13/02/2024,685,facteur,people,0,0,0,0,0.01,0,0,0
13/02/2024,686,infirmière,people,0,0,0,0,0,0,0,0
13/02/2024,687,police,people,0,0,0,0,0,0,0,0
13/02/2024,688,nom de l'animal domestique,people,0,0,0,0,0.05,0.17,0,0
13/02/2024,689,suis,helping_verbs,0,0,0,0,0.01,0,0,0
13/02/2024,690,sont,helping_verbs,0,0,0,0,0.01,0,0,0
13/02/2024,691,être,helping_verbs,0,0,0,0,0.01,0,0,0
13/02/2024,692,est,helping_verbs,0,0,0,0,0.02,0,0,0
13/02/2024,693,peux,helping_verbs,0,0,0,0,0.01,0.04,0,0
13/02/2024,694,pourrait,helping_verbs,0,0,0,0,0,0,0,0
13/02/2024,695,a fait,helping_verbs,0,0,0,0,0.02,0,0,0
13/02/2024,696,faire,helping_verbs,0,0,0,0,0.02,0.04,0,0
13/02/2024,697,fait,helping_verbs,0,0,0,0,0.03,0.04,0,0
13/02/2024,698,ne pas,helping_verbs,0,0,0,0,0.07,0.17,0,0
13/02/2024,699,devoir faire,helping_verbs,0,0,0,0,0.01,0,0,0
13/02/2024,700,avoir à faire,helping_verbs,0,0,0,0,0,0,0,0
13/02/2024,701,laisse-moi,helping_verbs,0,0,0,0,0.02,0,0,0
13/02/2024,702,avoir besoin de,helping_verbs,0,0,0,0,0.02,0.04,0,0
13/02/2024,703,essayer de,helping_verbs,0,0,0,0,0.01,0,0,0
13/02/2024,704,vouloir,helping_verbs,0,0,0,0,0.01,0,0,0
13/02/2024,705,était,helping_verbs,0,0,0,0,0,0,0,0
13/02/2024,706,panier,household,0,0,0,0,0.01,0,0,0
13/02/2024,707,seau,household,0,0,0,0,0.01,0,0,0
13/02/2024,708,ordures,household,0,0,0,0,0,0,0,0
13/02/2024,709,pot,household,0,0,0,0,0.02,0,0,0
13/02/2024,710,couteau,household,0,0,0,0,0.03,0.04,0,0
13/02/2024,711,serpillière,household,0,0,0,0,0.01,0,0,0
13/02/2024,712,clou,household,0,0,0,0,0.01,0,0,0
13/02/2024,713,serviette de table,household,0,0,0,0,0,0,0,0
13/02/2024,714,cassette,household,0,0,0,0,0,0,0,0
13/02/2024,715,mouchoir,household,0,0,0,0,0.06,0.17,0,0
13/02/2024,716,plateau,household,0,0,0,0,0,0,0,0
13/02/2024,717,trotteur,household,0,0,0,0,0,0,0,0
13/02/2024,718,coussins,household,0,0,0,0,0.01,0.08,0,0
13/02/2024,719,sac,household,0,0,0,0,0.05,0.04,0,0
13/02/2024,720,être réveillé,descriptive_words,0,0,0,0,0.03,0.08,0,0
13/02/2024,721,mieux,descriptive_words,0,0,0,0,0.01,0,0,0
13/02/2024,722,noir,descriptive_words,0,0,0,0,0.01,0,0,0
13/02/2024,723,marron,descriptive_words,0,0,0,0,0,0,0,0
13/02/2024,724,premier,descriptive_words,0,0,0,0,0.01,0,0,0
13/02/2024,725,plein,descriptive_words,0,0,0,0,0.01,0,0,0
13/02/2024,726,vert,descriptive_words,0,0,0,0,0.01,0,0,0
13/02/2024,727,lourd,descriptive_words,0,0,0,0,0.01,0,0,0
13/02/2024,728,haut,descriptive_words,0,0,0,0,0.02,0,0,0
13/02/2024,729,dernier,descriptive_words,0,0,0,0,0.01,0,0,0
13/02/2024,730,long,descriptive_words,0,0,0,0,0.01,0,0,0
13/02/2024,731,fort,descriptive_words,0,0,0,0,0.01,0,0,0
13/02/2024,732,fou,descriptive_words,0,0,0,0,0.01,0.04,0,0
13/02/2024,733,neuf,descriptive_words,0,0,0,0,0.01,0,0,0
13/02/2024,734,bruyant,descriptive_words,0,0,0,0,0,0,0,0
13/02/2024,735,orange,descriptive_words,0,0,0,0,0,0,0,0
13/02/2024,736,tranquille,descriptive_words,0,0,0,0,0.01,0,0,0
13/02/2024,737,triste,descriptive_words,0,0,0,0,0.05,0,0,0
13/02/2024,738,lent,descriptive_words,0,0,0,0,0.01,0,0,0
13/02/2024,739,collant,descriptive_words,0,0,0,0,0.02,0,0,0
13/02/2024,740,minuscule,descriptive_words,0,0,0,0,0,0.04,0,0
13/02/2024,741,blanc,descriptive_words,0,0,0,0,0,0,0,0
13/02/2024,742,venteux,descriptive_words,0,0,0,0,0,0,0,0
13/02/2024,743,jaune,descriptive_words,0,0,0,0,0.02,0,0,0
13/02/2024,744,coquin,descriptive_words,0,0,0,0,0.05,0.12,0,0
13/02/2024,745,coincé,descriptive_words,0,0,0,0,0.02,0,0,0
13/02/2024,746,finir recevoir,action_words,0,0,0,0,0,0.04,0,0
13/02/2024,747,donner aller,action_words,0,0,0,0,0.1,0.25,0,0
13/02/2024,748,construire,action_words,0,0,0,0,0.01,0,0,0
13/02/2024,749,acheter,action_words,0,0,0,0,0.01,0,0,0
13/02/2024,750,porter,action_words,0,0,0,0,0.02,0.04,0,0
13/02/2024,751,attraper,action_words,0,0,0,0,0.02,0.12,0,0
13/02/2024,752,courir après,action_words,0,0,0,0,0.02,0,0,0
13/02/2024,753,faire bravo,action_words,0,0,0,0,0.2,0.46,0,0
13/02/2024,754,sécher,action_words,0,0,0,0,0.02,0,0,0
13/02/2024,755,déposer,action_words,0,0,0,0,0,0,0,0
13/02/2024,756,trouver,action_words,0,0,0,0,0.01,0,0,0
13/02/2024,757,aller bien avec,action_words,0,0,0,0,0.01,0,0,0
13/02/2024,758,réparer,action_words,0,0,0,0,0.01,0,0,0
13/02/2024,759,détester,action_words,0,0,0,0,0,0,0,0
13/02/2024,760,avoir,action_words,0,0,0,0,0.01,0,0,0
13/02/2024,761,entendre,action_words,0,0,0,0,0.06,0.08,0,0
13/02/2024,762,cacher,action_words,0,0,0,0,0.07,0.33,0,0
13/02/2024,763,tenir,action_words,0,0,0,0,0.06,0.17,0,0
13/02/2024,764,couper,action_words,0,0,0,0,0.02,0,0,0
13/02/2024,765,frapper à la porte,action_words,0,0,0,0,0.02,0.04,0,0
13/02/2024,766,lécher,action_words,0,0,0,0,0.01,0,0,0
13/02/2024,767,aimer bien,action_words,0,0,0,0,0.01,0.04,0,0
13/02/2024,768,écouter,action_words,0,0,0,0,0.07,0.17,0,0
13/02/2024,769,faire,action_words,0,0,0,0,0.01,0,0,0
13/02/2024,770,ramasser,action_words,0,0,0,0,0.02,0.08,0,0
13/02/2024,771,faire de la peinture,action_words,0,0,0,0,0,0,0,0
13/02/2024,772,renverser,action_words,0,0,0,0,0.01,0,0,0
13/02/2024,773,verser,action_words,0,0,0,0,0,0,0,0
13/02/2024,774,faire semblant,action_words,0,0,0,0,0,0.04,0,0
13/02/2024,775,goutter,action_words,0,0,0,0,0.03,0.21,0,0
13/02/2024,776,déchirer,action_words,0,0,0,0,0.02,0,0,0
13/02/2024,777,secouer,action_words,0,0,0,0,0.01,0,0,0
13/02/2024,778,partager,action_words,0,0,0,0,0.01,0.04,0,0
13/02/2024,779,s'asseoir,action_words,0,0,0,0,0.13,0.21,0,0
13/02/2024,780,faire du patin,action_words,0,0,0,0,0,0,0,0
13/02/2024,781,glisser,action_words,0,0,0,0,0,0,0,0
13/02/2024,782,travailler,action_words,0,0,0,0,0.01,0,0,0
13/02/2024,783,souhaiter,action_words,0,0,0,0,0.01,0,0,0
13/02/2024,784,être debout,action_words,0,0,0,0,0.08,0.08,0,0
13/02/2024,785,rester,action_words,0,0,0,0,0.01,0,0,0
13/02/2024,786,balayer,action_words,0,0,0,0,0.01,0,0,0
13/02/2024,787,parler,action_words,0,0,0,0,0.02,0,0,0
13/02/2024,788,goûter,action_words,0,0,0,0,0.06,0.04,0,0
13/02/2024,789,arracher,action_words,0,0,0,0,0.01,0,0,0
13/02/2024,790,penser,action_words,0,0,0,0,0.01,0,0,0
13/02/2024,791,attendre,action_words,0,0,0,0,0.03,0.12,0,0
13/02/2024,792,se réveiller,action_words,0,0,0,0,0.02,0.04,0,0
13/02/2024,793,couvrir,action_words,0,0,0,0,0.01,0,0,0
13/02/2024,794,grimper,action_words,0,0,0,0,0.02,0.12,0,0
13/02/2024,795,cuisiner,action_words,0,0,0,0,0.01,0,0,0
13/02/2024,178,maîtresse,people,0.02,0,0,0,0.02,0,0.5,0
13/02/2024,189,bavette,clothing,0.13,0,0.21,0.23,0.35,0.25,0.5,0.6
13/02/2024,196,pantoufle,clothing,0.09,0,0.11,0.08,0.21,0.21,0.5,0.2
13/02/2024,203,slip,clothing,0.02,0,0,0,0,0,0.5,0.4
13/02/2024,257,pièces,household,0,0,0,0,0.03,0,0,0
13/02/2024,328,belle,descriptive_words,0.15,0,0.25,0.19,0.2,0,0.5,0.2
13/02/2024,332,bonne,descriptive_words,0.17,0,0.14,0.38,0.26,0.12,0,0.2
13/02/2024,334,chaude,descriptive_words,0.09,0.25,0.18,0.19,0.2,0.12,0.5,0.2
13/02/2024,335,contente,descriptive_words,0.04,0.25,0.14,0.08,0.19,0.08,0.5,0.2
13/02/2024,336,dégoûtante,descriptive_words,0.04,0,0.04,0.08,0.08,0,0,0.2
13/02/2024,337,douce,descriptive_words,0.09,0.25,0.14,0.19,0.13,0,0.5,0.2
13/02/2024,342,gentille,descriptive_words,0.04,0,0.14,0.19,0.14,0,0,0.4
13/02/2024,346,méchante,descriptive_words,0.06,0,0,0.15,0.13,0,0.5,0.4
13/02/2024,347,mignonne,descriptive_words,0.11,0,0.04,0.12,0.12,0.04,0.5,0.4
13/02/2024,351,petite,descriptive_words,0.02,0,0.11,0.04,0.03,0,0.5,0
13/02/2024,355,seche,descriptive_words,0.04,0,0,0.04,0.03,0,0.5,0
13/02/2024,359,vieille,descriptive_words,0.02,0,0,0.04,0.03,0,0,0
13/02/2024,360,vilaine,descriptive_words,0.13,0,0.04,0.23,0.15,0,0,0.2
13/02/2024,384,faire de la moto,action_words,0,0,0.07,0.08,0.05,0,0,0.2
13/02/2024,435,à sa,pronouns,0.02,0.25,0.07,0.12,0.08,0.12,0,0.4
13/02/2024,436,à son,pronouns,0.04,0.25,0.07,0.08,0.06,0.12,0,0.4
13/02/2024,440,mes,pronouns,0.06,0,0.11,0.08,0.15,0.04,0,0.4
13/02/2024,442,ton,pronouns,0,0,0.14,0.04,0.05,0,0,0.2
13/02/2024,443,tu,pronouns,0.04,0,0.11,0.19,0.1,0,0.5,0.4
13/02/2024,450,aucune,quantifiers,0,0,0,0,0,0,0,0.2
13/02/2024,452,la même,quantifiers,0,0,0.04,0,0.06,0.04,0,0.4
13/02/2024,454,tout,quantifiers,0.02,0,0,0,0.02,0,0,0.2
13/02/2024,633,aucune,quantifiers,0,0,0,0,0.01,0,0,0
13/02/2024,634,une,quantifiers,0,0,0,0,0.01,0.08,0,0
13/02/2024,635,beaucoup,quantifiers,0,0,0,0,0.03,0.08,0,0
13/02/2024,636,des,quantifiers,0,0,0,0,0.01,0,0,0
13/02/2024,640,les,quantifiers,0,0,0,0,0.01,0.04,0,0
13/02/2024,649,elles,pronouns,0,0,0,0,0.01,0,0,0
13/02/2024,678,route,outside,0,0,0,0,0.02,0,0,0
13/02/2024,684,copine,people,0,0,0,0,0.05,0.04,0,0
13/02/2024,724,première,descriptive_words,0,0,0,0,0.01,0,0,0
13/02/2024,725,pleine,descriptive_words,0,0,0,0,0.01,0,0,0
13/02/2024,726,verte,descriptive_words,0,0,0,0,0.01,0,0,0
13/02/2024,727,lourde,descriptive_words,0,0,0,0,0.01,0,0,0
13/02/2024,728,haute,descriptive_words,0,0,0,0,0.02,0,0,0
13/02/2024,729,derniere,descriptive_words,0,0,0,0,0.01,0,0,0
13/02/2024,730,longue,descriptive_words,0,0,0,0,0.01,0,0,0
13/02/2024,731,forte,descriptive_words,0,0,0,0,0.01,0,0,0
13/02/2024,732,folle,descriptive_words,0,0,0,0,0.01,0.04,0,0
13/02/2024,733,neuve,descriptive_words,0,0,0,0,0.01,0,0,0
13/02/2024,734,bruyante,descriptive_words,0,0,0,0,0,0,0,0
13/02/2024,738,lente,descriptive_words,0,0,0,0,0.01,0,0,0
13/02/2024,739,collante,descriptive_words,0,0,0,0,0.02,0,0,0
13/02/2024,741,blanche,descriptive_words,0,0,0,0,0,0,0,0
13/02/2024,744,coquine,descriptive_words,0,0,0,0,0.05,0.12,0,0
